Title,Country,Date,Time,Impact,Forecast,Previous,URL
Monetary Policy Meeting Minutes,JPY,09-27-2026,11:50pm,Low,,,https://www.forexfactory.com/calendar/306-jn-monetary-policy-meeting-minutes
SPPI y/y,JPY,09-27-2026,11:50pm,Low,3.6%,3.6%,https://www.forexfactory.com/calendar/176-jn-sppi-yy
MPC Member Ramsden Speaks,GBP,09-28-2026,10:00am,Low,,,https://www.forexfactory.com/calendar/689-uk-mpc-member-ramsden-speaks
FOMC Member Bowman Speaks,USD,09-28-2026,12:15pm,Low,,,https://www.forexfactory.com/calendar/812-us-fomc-member-bowman-speaks
ECB President Lagarde Speaks,EUR,09-28-2026,1:30pm,Medium,,,https://www.forexfactory.com/calendar/832-ez-ecb-president-lagarde-speaks
FOMC Member Cook Speaks,USD,09-28-2026,5:25pm,Low,,,https://www.forexfactory.com/calendar/886-us-fomc-member-cook-speaks
FOMC Member Barkin Speaks,USD,09-28-2026,5:30pm,Low,,,https://www.forexfactory.com/calendar/728-us-fomc-member-barkin-speaks
BRC Shop Price Index y/y,GBP,09-28-2026,11:01pm,Low,1.5%,1.5%,https://www.forexfactory.com/calendar/116-uk-brc-shop-price-index-yy
Household Spending m/m,AUD,09-29-2026,1:30am,Low,0.4%,1.1%,https://www.forexfactory.com/calendar/923-au-household-spending-mm
Cash Rate,AUD,09-29-2026,4:30am,High,4.60%,4.35%,https://www.forexfactory.com/calendar/21-au-cash-rate
RBA Rate Statement,AUD,09-29-2026,4:30am,High,,,https://www.forexfactory.com/calendar/22-au-rba-rate-statement
RBA Press Conference,AUD,09-29-2026,5:30am,Medium,,,https://www.forexfactory.com/calendar/906-au-rba-press-conference
KOF Economic Barometer,CHF,09-29-2026,7:00am,Low,106.0,106.7,https://www.forexfactory.com/calendar/301-sz-kof-economic-barometer
Spanish Flash CPI y/y,EUR,09-29-2026,7:00am,Low,4.7%,4.3%,https://www.forexfactory.com/calendar/592-sp-flash-cpi-yy
M4 Money Supply m/m,GBP,09-29-2026,8:30am,Low,0.1%,-0.3%,https://www.forexfactory.com/calendar/348-uk-m4-money-supply-mm
Mortgage Approvals,GBP,09-29-2026,8:30am,Low,57K,56K,https://www.forexfactory.com/calendar/287-uk-mortgage-approvals
Net Lending to Individuals m/m,GBP,09-29-2026,8:30am,Low,6.2B,6.3B,https://www.forexfactory.com/calendar/343-uk-net-lending-to-individuals-mm
Italian 10-y Bond Auction,EUR,09-29-2026,9:33am,Low,,4.10|1.6,https://www.forexfactory.com/calendar/524-it-10-y-bond-auction
10-y Bond Auction,GBP,09-29-2026,9:33am,Low,,5.16|3.6,https://www.forexfactory.com/calendar/526-uk-10-y-bond-auction
German Buba President Nagel Speaks,EUR,09-29-2026,10:00am,Low,,,https://www.forexfactory.com/calendar/851-ge-buba-president-nagel-speaks
ECB President Lagarde Speaks,EUR,09-29-2026,11:00am,Medium,,,https://www.forexfactory.com/calendar/832-ez-ecb-president-lagarde-speaks
GDP m/m,CAD,09-29-2026,12:30pm,Medium,0.1%,0.3%,https://www.forexfactory.com/calendar/29-ca-gdp-mm
HPI m/m,USD,09-29-2026,1:00pm,Low,0.1%,0.0%,https://www.forexfactory.com/calendar/239-us-hpi-mm
S&P/CS Composite-20 HPI y/y,USD,09-29-2026,1:00pm,Low,2.2%,2.1%,https://www.forexfactory.com/calendar/240-us-spcs-composite-20-hpi-yy
CB Consumer Confidence,USD,09-29-2026,2:00pm,Medium,90.1,89.4,https://www.forexfactory.com/calendar/208-us-cb-consumer-confidence
JOLTS Job Openings,USD,09-29-2026,2:00pm,Medium,7.23M,7.27M,https://www.forexfactory.com/calendar/578-us-jolts-job-openings
MPC Member Mann Speaks,GBP,09-29-2026,3:00pm,Low,,,https://www.forexfactory.com/calendar/848-uk-mpc-member-mann-speaks
FOMC Member Bowman Speaks,USD,09-29-2026,3:00pm,Low,,,https://www.forexfactory.com/calendar/812-us-fomc-member-bowman-speaks
MPC Member Taylor Speaks,GBP,09-29-2026,3:30pm,Low,,,https://www.forexfactory.com/calendar/916-uk-mpc-member-taylor-speaks
FOMC Member Barr Speaks,USD,09-29-2026,4:40pm,Low,,,https://www.forexfactory.com/calendar/880-us-fomc-member-barr-speaks
FOMC Member Goolsbee Speaks,USD,09-29-2026,5:00pm,Low,,,https://www.forexfactory.com/calendar/889-us-fomc-member-goolsbee-speaks
Gov Council Member Gravelle Speaks,CAD,09-29-2026,5:20pm,Low,,,https://www.forexfactory.com/calendar/835-ca-gov-council-member-gravelle-speaks
FOMC Member Musalem Speaks,USD,09-29-2026,5:30pm,Low,,,https://www.forexfactory.com/calendar/911-us-fomc-member-musalem-speaks
FOMC Member Williams Speaks,USD,09-29-2026,6:00pm,Low,,,https://www.forexfactory.com/calendar/518-us-fomc-member-williams-speaks
FOMC Member Waller Speaks,USD,09-29-2026,7:00pm,Low,,,https://www.forexfactory.com/calendar/839-us-fomc-member-waller-speaks
API Weekly Statistical Bulletin,USD,09-29-2026,8:30pm,Low,,,https://www.forexfactory.com/calendar/754-us-api-weekly-statistical-bulletin
Prelim Industrial Production m/m,JPY,09-29-2026,11:50pm,Low,1.2%,0.1%,https://www.forexfactory.com/calendar/225-jn-prelim-industrial-production-mm
Retail Sales y/y,JPY,09-29-2026,11:50pm,Low,3.2%,4.0%,https://www.forexfactory.com/calendar/115-jn-retail-sales-yy
ANZ Business Confidence,NZD,09-30-2026,12:00am,Low,,53.7,https://www.forexfactory.com/calendar/319-nz-anz-business-confidence
CPI m/m,AUD,09-30-2026,1:30am,High,0.5%,1.0%,https://www.forexfactory.com/calendar/98-au-cpi-mm
CPI y/y,AUD,09-30-2026,1:30am,High,4.1%,3.5%,https://www.forexfactory.com/calendar/888-au-cpi-yy
Trimmed Mean CPI m/m,AUD,09-30-2026,1:30am,High,0.3%,0.5%,https://www.forexfactory.com/calendar/99-au-trimmed-mean-cpi-mm
Building Approvals m/m,AUD,09-30-2026,1:30am,Low,-0.9%,-3.6%,https://www.forexfactory.com/calendar/202-au-building-approvals-mm
Private Sector Credit m/m,AUD,09-30-2026,1:30am,Low,0.5%,0.6%,https://www.forexfactory.com/calendar/344-au-private-sector-credit-mm
Manufacturing PMI,CNY,09-30-2026,1:30am,Low,50.1,49.8,https://www.forexfactory.com/calendar/449-ch-manufacturing-pmi
Non-Manufacturing PMI,CNY,09-30-2026,1:30am,Low,49.3,49.0,https://www.forexfactory.com/calendar/520-ch-non-manufacturing-pmi
RatingDog Manufacturing PMI,CNY,09-30-2026,1:45am,Low,51.7,51.5,https://www.forexfactory.com/calendar/448-ch-ratingdog-manufacturing-pmi
RatingDog Services PMI,CNY,09-30-2026,1:45am,Low,51.2,51.4,https://www.forexfactory.com/calendar/591-ch-ratingdog-services-pmi
Housing Starts y/y,JPY,09-30-2026,5:00am,Low,6.8%,8.2%,https://www.forexfactory.com/calendar/228-jn-housing-starts-yy
German Import Prices m/m,EUR,09-30-2026,6:00am,Low,0.1%,0.2%,https://www.forexfactory.com/calendar/257-ge-import-prices-mm
German Retail Sales m/m,EUR,09-30-2026,6:00am,Low,1.4%,-3.4%,https://www.forexfactory.com/calendar/107-ge-retail-sales-mm
Current Account,GBP,09-30-2026,6:00am,Low,-25.6B,-22.1B,https://www.forexfactory.com/calendar/197-uk-current-account
Final GDP q/q,GBP,09-30-2026,6:00am,Low,0.4%,0.4%,https://www.forexfactory.com/calendar/35-uk-final-gdp-qq
Revised Business Investment q/q,GBP,09-30-2026,6:00am,Low,1.7%,1.7%,https://www.forexfactory.com/calendar/187-uk-revised-business-investment-qq
German Prelim CPI m/m,EUR,09-30-2026,6:29am,Medium,0.5%,0.2%,https://www.forexfactory.com/calendar/169-ge-prelim-cpi-mm
French Consumer Spending m/m,EUR,09-30-2026,6:45am,Low,0.0%,0.5%,https://www.forexfactory.com/calendar/357-fr-consumer-spending-mm
French Prelim CPI m/m,EUR,09-30-2026,6:45am,Low,-0.5%,0.7%,https://www.forexfactory.com/calendar/556-fr-prelim-cpi-mm
German Unemployment Change,EUR,09-30-2026,7:55am,Low,2K,4K,https://www.forexfactory.com/calendar/60-ge-unemployment-change
UBS Economic Expectations,CHF,09-30-2026,8:00am,Low,,12.1,https://www.forexfactory.com/calendar/315-sz-ubs-economic-expectations
Italian Prelim CPI m/m,EUR,09-30-2026,9:00am,Low,0.0%,0.5%,https://www.forexfactory.com/calendar/172-it-prelim-cpi-mm
FPC Meeting Minutes,GBP,09-30-2026,9:30am,Low,,,https://www.forexfactory.com/calendar/606-uk-fpc-meeting-minutes
FPC Statement,GBP,09-30-2026,9:30am,Low,,,https://www.forexfactory.com/calendar/605-uk-fpc-statement
German 10-y Bond Auction,EUR,09-30-2026,9:42am,Low,,3.39|1.5,https://www.forexfactory.com/calendar/522-ge-10-y-bond-auction
Bank Holiday,CAD,09-30-2026,12:00pm,Holiday,,,https://www.forexfactory.com/calendar/389-ca-bank-holiday
ADP Non-Farm Employment Change,USD,09-30-2026,12:15pm,Medium,70K,38K,https://www.forexfactory.com/calendar/75-us-adp-non-farm-employment-change
Core PCE Price Index m/m,USD,09-30-2026,12:30pm,High,0.3%,0.2%,https://www.forexfactory.com/calendar/85-us-core-pce-price-index-mm
Final GDP q/q,USD,09-30-2026,12:30pm,High,1.5%,1.5%,https://www.forexfactory.com/calendar/28-us-final-gdp-qq
Final GDP Price Index q/q,USD,09-30-2026,12:30pm,Medium,6.4%,6.4%,https://www.forexfactory.com/calendar/46-us-final-gdp-price-index-qq
Goods Trade Balance,USD,09-30-2026,12:30pm,Low,-113.8B,-118.8B,https://www.forexfactory.com/calendar/625-us-goods-trade-balance
Personal Income m/m,USD,09-30-2026,12:30pm,Low,0.5%,0.4%,https://www.forexfactory.com/calendar/360-us-personal-income-mm
Personal Spending m/m,USD,09-30-2026,12:30pm,Low,1.0%,0.2%,https://www.forexfactory.com/calendar/356-us-personal-spending-mm
Prelim Wholesale Inventories m/m,USD,09-30-2026,12:30pm,Low,1.1%,1.3%,https://www.forexfactory.com/calendar/642-us-prelim-wholesale-inventories-mm
SNB Quarterly Bulletin,CHF,09-30-2026,1:00pm,Low,,,https://www.forexfactory.com/calendar/417-sz-snb-quarterly-bulletin
Chicago PMI,USD,09-30-2026,1:45pm,Low,51.3,47.1,https://www.forexfactory.com/calendar/189-us-chicago-pmi
Crude Oil Inventories,USD,09-30-2026,2:30pm,Low,,3.0M,https://www.forexfactory.com/calendar/10-us-crude-oil-inventories
Gov Board Member Tschudin Speaks,CHF,09-30-2026,3:00pm,Low,,,https://www.forexfactory.com/calendar/914-sz-gov-board-member-tschudin-speaks
FOMC Member Barkin Speaks,USD,09-30-2026,5:30pm,Low,,,https://www.forexfactory.com/calendar/728-us-fomc-member-barkin-speaks
FOMC Member Cook Speaks,USD,09-30-2026,7:25pm,Low,,,https://www.forexfactory.com/calendar/886-us-fomc-member-cook-speaks
FOMC Member Goolsbee Speaks,USD,09-30-2026,9:10pm,Low,,,https://www.forexfactory.com/calendar/889-us-fomc-member-goolsbee-speaks
Building Consents m/m,NZD,09-30-2026,9:45pm,Low,,-4.3%,https://www.forexfactory.com/calendar/229-nz-building-consents-mm
FOMC Member Kashkari Speaks,USD,09-30-2026,10:00pm,Low,,,https://www.forexfactory.com/calendar/651-us-fomc-member-kashkari-speaks
Bank Holiday,CNY,09-30-2026,11:01pm,Holiday,,,https://www.forexfactory.com/calendar/468-ch-bank-holiday
BOJ Summary of Opinions,JPY,09-30-2026,11:50pm,Low,,,https://www.forexfactory.com/calendar/633-jn-boj-summary-of-opinions
Tankan Manufacturing Index,JPY,09-30-2026,11:50pm,Low,25,22,https://www.forexfactory.com/calendar/312-jn-tankan-manufacturing-index
Tankan Non-Manufacturing Index,JPY,09-30-2026,11:50pm,Low,36,37,https://www.forexfactory.com/calendar/327-jn-tankan-non-manufacturing-index
Final Manufacturing PMI,JPY,10-01-2026,12:30am,Low,54.1,54.1,https://www.forexfactory.com/calendar/274-jn-final-manufacturing-pmi
Goods Trade Balance,AUD,10-01-2026,1:30am,Low,2.10B,1.92B,https://www.forexfactory.com/calendar/122-au-goods-trade-balance
RBA Financial Stability Review,AUD,10-01-2026,1:30am,Low,,,https://www.forexfactory.com/calendar/364-au-rba-financial-stability-review
Nationwide HPI m/m,GBP,10-01-2026,6:00am,Low,0.2%,0.2%,https://www.forexfactory.com/calendar/242-uk-nationwide-hpi-mm
Commodity Prices y/y,AUD,10-01-2026,6:30am,Low,,15.5%,https://www.forexfactory.com/calendar/245-au-commodity-prices-yy
CPI m/m,CHF,10-01-2026,6:30am,Medium,0.0%,0.4%,https://www.forexfactory.com/calendar/100-sz-cpi-mm
Retail Sales y/y,CHF,10-01-2026,6:30am,Low,2.2%,2.3%,https://www.forexfactory.com/calendar/109-sz-retail-sales-yy
Spanish Manufacturing PMI,EUR,10-01-2026,7:15am,Low,50.2,49.5,https://www.forexfactory.com/calendar/557-sp-manufacturing-pmi
Manufacturing PMI,CHF,10-01-2026,7:30am,Low,56.0,57.1,https://www.forexfactory.com/calendar/273-sz-manufacturing-pmi
Italian Manufacturing PMI,EUR,10-01-2026,7:45am,Low,49.9,49.6,https://www.forexfactory.com/calendar/547-it-manufacturing-pmi
French Final Manufacturing PMI,EUR,10-01-2026,7:50am,Low,50.3,50.3,https://www.forexfactory.com/calendar/617-fr-final-manufacturing-pmi
German Final Manufacturing PMI,EUR,10-01-2026,7:55am,Low,53.8,53.8,https://www.forexfactory.com/calendar/618-ge-final-manufacturing-pmi
Final Manufacturing PMI,EUR,10-01-2026,8:00am,Low,52.7,52.7,https://www.forexfactory.com/calendar/264-ez-final-manufacturing-pmi
Italian Monthly Unemployment Rate,EUR,10-01-2026,8:00am,Low,5.7%,5.8%,https://www.forexfactory.com/calendar/486-it-monthly-unemployment-rate
BOE Gov Bailey Speaks,GBP,10-01-2026,8:00am,Medium,,,https://www.forexfactory.com/calendar/838-uk-boe-gov-bailey-speaks
Final Manufacturing PMI,GBP,10-01-2026,8:30am,Low,52.0,52.0,https://www.forexfactory.com/calendar/249-uk-final-manufacturing-pmi
Unemployment Rate,EUR,10-01-2026,9:00am,Low,6.4%,6.4%,https://www.forexfactory.com/calendar/59-ez-unemployment-rate
Spanish 10-y Bond Auction,EUR,10-01-2026,9:03am,Low,,3.96|1.7,https://www.forexfactory.com/calendar/525-sp-10-y-bond-auction
French 10-y Bond Auction,EUR,10-01-2026,9:18am,Low,,4.23|2.3,https://www.forexfactory.com/calendar/523-fr-10-y-bond-auction
Challenger Job Cuts y/y,USD,10-01-2026,9:30am,Low,,-38.5%,https://www.forexfactory.com/calendar/76-us-challenger-job-cuts-yy
German Buba President Nagel Speaks,EUR,10-01-2026,10:35am,Low,,,https://www.forexfactory.com/calendar/851-ge-buba-president-nagel-speaks
MPC Member Mann Speaks,GBP,10-01-2026,12:00pm,Low,,,https://www.forexfactory.com/calendar/848-uk-mpc-member-mann-speaks
Unemployment Claims,USD,10-01-2026,12:30pm,Medium,199K,197K,https://www.forexfactory.com/calendar/11-us-unemployment-claims
FOMC Member Barkin Speaks,USD,10-01-2026,1:05pm,Low,,,https://www.forexfactory.com/calendar/728-us-fomc-member-barkin-speaks
FOMC Member Collins Speaks,USD,10-01-2026,1:05pm,Low,,,https://www.forexfactory.com/calendar/882-us-fomc-member-collins-speaks
FOMC Member Schmid Speaks,USD,10-01-2026,1:05pm,Low,,,https://www.forexfactory.com/calendar/912-us-fomc-member-schmid-speaks
Manufacturing PMI,CAD,10-01-2026,1:30pm,Low,,53.0,https://www.forexfactory.com/calendar/629-ca-manufacturing-pmi
ECB President Lagarde Speaks,EUR,10-01-2026,1:30pm,Medium,,,https://www.forexfactory.com/calendar/832-ez-ecb-president-lagarde-speaks
Final Manufacturing PMI,USD,10-01-2026,1:45pm,Low,57.0,57.0,https://www.forexfactory.com/calendar/553-us-final-manufacturing-pmi
FOMC Member Waller Speaks,USD,10-01-2026,2:00pm,Medium,,,https://www.forexfactory.com/calendar/839-us-fomc-member-waller-speaks
ISM Manufacturing PMI,USD,10-01-2026,2:00pm,Medium,55.0,54.6,https://www.forexfactory.com/calendar/252-us-ism-manufacturing-pmi
Construction Spending m/m,USD,10-01-2026,2:00pm,Low,0.1%,-0.5%,https://www.forexfactory.com/calendar/205-us-construction-spending-mm
ISM Manufacturing Prices,USD,10-01-2026,2:00pm,Low,72.0,71.1,https://www.forexfactory.com/calendar/255-us-ism-manufacturing-prices
Omdia Total Vehicle Sales,USD,10-01-2026,2:15pm,Low,16.5M,16.8M,https://www.forexfactory.com/calendar/828-us-omdia-total-vehicle-sales
Natural Gas Storage,USD,10-01-2026,2:30pm,Low,,53B,https://www.forexfactory.com/calendar/26-us-natural-gas-storage
SNB Chairman Schlegel Speaks,CHF,10-01-2026,3:30pm,Medium,,,https://www.forexfactory.com/calendar/915-sz-snb-chairman-schlegel-speaks
FOMC Member Jefferson Speaks,USD,10-01-2026,5:30pm,Low,,,https://www.forexfactory.com/calendar/881-us-fomc-member-jefferson-speaks
FOMC Member Bowman Speaks,USD,10-01-2026,7:00pm,Low,,,https://www.forexfactory.com/calendar/812-us-fomc-member-bowman-speaks
Gov Council Member Rogers Speaks,CAD,10-01-2026,7:05pm,Low,,,https://www.forexfactory.com/calendar/847-ca-gov-council-member-rogers-speaks
FOMC Member Cook Speaks,USD,10-01-2026,7:30pm,Low,,,https://www.forexfactory.com/calendar/886-us-fomc-member-cook-speaks
FOMC Member Logan Speaks,USD,10-01-2026,10:45pm,Low,,,https://www.forexfactory.com/calendar/890-us-fomc-member-logan-speaks
Bank Holiday,CNY,10-01-2026,11:01pm,Holiday,,,https://www.forexfactory.com/calendar/468-ch-bank-holiday
Tokyo Core CPI y/y,JPY,10-01-2026,11:30pm,Medium,2.4%,1.8%,https://www.forexfactory.com/calendar/175-jn-tokyo-core-cpi-yy
Unemployment Rate,JPY,10-01-2026,11:30pm,Low,2.4%,2.4%,https://www.forexfactory.com/calendar/63-jn-unemployment-rate
Monetary Base y/y,JPY,10-01-2026,11:50pm,Low,-16.3%,-15.7%,https://www.forexfactory.com/calendar/377-jn-monetary-base-yy
Spanish Unemployment Change,EUR,10-02-2026,7:00am,Low,17.6K,44.4K,https://www.forexfactory.com/calendar/561-sp-unemployment-change
Italian Retail Sales m/m,EUR,10-02-2026,8:00am,Low,-0.1%,-0.4%,https://www.forexfactory.com/calendar/108-it-retail-sales-mm
Core CPI Flash Estimate y/y,EUR,10-02-2026,9:00am,Medium,2.5%,2.4%,https://www.forexfactory.com/calendar/593-ez-core-cpi-flash-estimate-yy
CPI Flash Estimate y/y,EUR,10-02-2026,9:00am,Medium,3.7%,3.3%,https://www.forexfactory.com/calendar/168-ez-cpi-flash-estimate-yy
Average Hourly Earnings m/m,USD,10-02-2026,12:30pm,High,0.3%,0.3%,https://www.forexfactory.com/calendar/159-us-average-hourly-earnings-mm
Non-Farm Employment Change,USD,10-02-2026,12:30pm,High,98K,162K,https://www.forexfactory.com/calendar/66-us-non-farm-employment-change
Unemployment Rate,USD,10-02-2026,12:30pm,High,4.1%,4.1%,https://www.forexfactory.com/calendar/56-us-unemployment-rate
Factory Orders m/m,USD,10-02-2026,2:00pm,Low,-0.1%,0.9%,https://www.forexfactory.com/calendar/351-us-factory-orders-mm
FOMC Member Logan Speaks,USD,10-02-2026,2:00pm,Low,,,https://www.forexfactory.com/calendar/890-us-fomc-member-logan-speaks
German Buba President Nagel Speaks,EUR,10-02-2026,7:35pm,Low,,,https://www.forexfactory.com/calendar/851-ge-buba-president-nagel-speaks
Daylight Saving Time Shift,AUD,10-03-2026,4:00pm,Holiday,,,https://www.forexfactory.com/calendar/403-au-daylight-saving-time-shift